{"money": 1864193.51, "streak": 20, "coin_value": 1.28, "flip_interval": 0.1, "head_prob": 0.8999999999999999, "combo_multiplier": 2.0000000000000004, "flips": 15934, "elapsed_seconds": 5199.290596485138, "upgrades": {"coin_value": 7, "head_prob": 7, "flip_interval": 5, "combo_multiplier": 5}}